week,region,revenue
2022-01-03,EMEA,1045.83
2022-01-10,EMEA,1006.73
2022-01-17,EMEA,1134.02
2022-01-24,EMEA,1175.68
2022-01-31,EMEA,1038.86
2022-02-07,EMEA,1100.78
2022-02-14,EMEA,1209.05
2022-02-21,EMEA,1203.29
2022-02-28,EMEA,1239.86
2022-03-07,EMEA,1202.39
2022-03-14,EMEA,1323.33
2022-03-21,EMEA,1325.25
2022-03-28,EMEA,1284.23
2022-04-04,EMEA,1352.81
2022-04-11,EMEA,1307.39
2022-04-18,EMEA,1216.17
2022-04-25,EMEA,1283.69
2022-05-02,EMEA,1186.97
2022-05-09,EMEA,1283.88
2022-05-16,EMEA,1207.06
2022-05-23,EMEA,1176.72
2022-05-30,EMEA,1123.46
2022-06-06,EMEA,1206.03
2022-06-13,EMEA,1100.02
2022-06-20,EMEA,1056.46
2022-06-27,EMEA,1031.51
2022-07-04,EMEA,1047.45
2022-07-11,EMEA,1009.05
2022-07-18,EMEA,982.24
2022-07-25,EMEA,955.22
2022-08-01,EMEA,1006.85
2022-08-08,EMEA,867.94
2022-08-15,EMEA,842.74
2022-08-22,EMEA,812.22
2022-08-29,EMEA,857.2
2022-09-05,EMEA,866.16
2022-09-12,EMEA,807.16
2022-09-19,EMEA,773.54
2022-09-26,EMEA,773.73
2022-10-03,EMEA,836.83
2022-10-10,EMEA,848.24
2022-10-17,EMEA,851.59
2022-10-24,EMEA,815.96
2022-10-31,EMEA,872.57
2022-11-07,EMEA,889.56
2022-11-14,EMEA,919.24
2022-11-21,EMEA,1319.62
2022-11-28,EMEA,1309.58
2022-12-05,EMEA,1372.71
2022-12-12,EMEA,1366.31
2022-12-19,EMEA,1417.05
2022-12-26,EMEA,1477.82
2023-01-02,EMEA,1054.41
2023-01-09,EMEA,1153.44
2023-01-16,EMEA,1177.86
2023-01-23,EMEA,1199.38
2023-01-30,EMEA,1252.45
2023-02-06,EMEA,1395.75
2023-02-13,EMEA,1267.48
2023-02-20,EMEA,1413.29
2023-02-27,EMEA,1252.83
2023-03-06,EMEA,1361.09
2023-03-13,EMEA,1408.2
2023-03-20,EMEA,1446.64
2023-03-27,EMEA,1460.14
2023-04-03,EMEA,1466.39
2023-04-10,EMEA,1382.25
2023-04-17,EMEA,1366.73
2023-04-24,EMEA,1446.99
2023-05-01,EMEA,1359.01
2023-05-08,EMEA,1267.0
2023-05-15,EMEA,1255.88
2023-05-22,EMEA,1246.4
2023-05-29,EMEA,1310.94
2023-06-05,EMEA,1258.67
2023-06-12,EMEA,1260.88
2023-06-19,EMEA,1161.36
2023-06-26,EMEA,1163.15
2023-07-03,EMEA,1156.23
2023-07-10,EMEA,1071.88
2023-07-17,EMEA,1081.31
2023-07-24,EMEA,993.01
2023-07-31,EMEA,980.56
2023-08-07,EMEA,954.13
2023-08-14,EMEA,892.67
2023-08-21,EMEA,951.9
2023-08-28,EMEA,891.14
2023-09-04,EMEA,900.13
2023-09-11,EMEA,911.95
2023-09-18,EMEA,905.42
2023-09-25,EMEA,914.44
2023-10-02,EMEA,884.28
2023-10-09,EMEA,877.62
2023-10-16,EMEA,905.15
2023-10-23,EMEA,846.98
2023-10-30,EMEA,876.77
2023-11-06,EMEA,904.86
2023-11-13,EMEA,946.39
2023-11-20,EMEA,1412.63
2023-11-27,EMEA,1354.01
2023-12-04,EMEA,1426.13
2023-12-11,EMEA,1587.52
2023-12-18,EMEA,1501.68
2023-12-25,EMEA,1625.61
2024-01-01,EMEA,1186.31
2024-01-08,EMEA,1269.22
2024-01-15,EMEA,1256.77
2024-01-22,EMEA,1332.07
2024-01-29,EMEA,1447.04
2024-02-05,EMEA,1297.29
2024-02-12,EMEA,1479.75
2024-02-19,EMEA,1490.94
2024-02-26,EMEA,1450.54
2024-03-04,EMEA,1403.22
2024-03-11,EMEA,1531.58
2024-03-18,EMEA,1494.61
2024-03-25,EMEA,1557.92
2024-04-01,EMEA,1541.93
2024-04-08,EMEA,1659.04
2024-04-15,EMEA,1509.11
2024-04-22,EMEA,1436.99
2024-04-29,EMEA,1510.96
2024-05-06,EMEA,1493.03
2024-05-13,EMEA,1551.28
2024-05-20,EMEA,1484.75
2024-05-27,EMEA,1420.12
2024-06-03,EMEA,1462.71
2024-06-10,EMEA,1250.03
2024-06-17,EMEA,1252.46
2024-06-24,EMEA,1199.72
2024-07-01,EMEA,1198.21
2024-07-08,EMEA,1104.82
2024-07-15,EMEA,1188.53
2024-07-22,EMEA,1106.48
2024-07-29,EMEA,1007.92
2024-08-05,EMEA,1005.66
2024-08-12,EMEA,1050.18
2024-08-19,EMEA,1054.28
2024-08-26,EMEA,1092.73
2024-09-02,EMEA,1121.93
2024-09-09,EMEA,989.38
2024-09-16,EMEA,916.15
2024-09-23,EMEA,860.34
2024-09-30,EMEA,979.79
2024-10-07,EMEA,935.71
2024-10-14,EMEA,967.93
2024-10-21,EMEA,975.21
2024-10-28,EMEA,1020.53
2024-11-04,EMEA,1109.63
2024-11-11,EMEA,1091.32
2024-11-18,EMEA,1493.44
2024-11-25,EMEA,1461.52
2024-12-02,EMEA,1447.33
2024-12-09,EMEA,1580.28
2024-12-16,EMEA,1656.52
2024-12-23,EMEA,1853.54
2022-01-03,APAC,829.48
2022-01-10,APAC,891.3
2022-01-17,APAC,852.58
2022-01-24,APAC,845.08
2022-01-31,APAC,876.48
2022-02-07,APAC,907.79
2022-02-14,APAC,1063.38
2022-02-21,APAC,937.93
2022-02-28,APAC,1034.34
2022-03-07,APAC,959.41
2022-03-14,APAC,1061.31
2022-03-21,APAC,1040.15
2022-03-28,APAC,1015.98
2022-04-04,APAC,1022.42
2022-04-11,APAC,988.57
2022-04-18,APAC,1039.29
2022-04-25,APAC,985.42
2022-05-02,APAC,936.27
2022-05-09,APAC,921.02
2022-05-16,APAC,976.42
2022-05-23,APAC,1025.18
2022-05-30,APAC,937.89
2022-06-06,APAC,903.85
2022-06-13,APAC,899.54
2022-06-20,APAC,920.06
2022-06-27,APAC,849.21
2022-07-04,APAC,799.47
2022-07-11,APAC,836.6
2022-07-18,APAC,786.41
2022-07-25,APAC,805.51
2022-08-01,APAC,734.24
2022-08-08,APAC,665.36
2022-08-15,APAC,644.58
2022-08-22,APAC,733.25
2022-08-29,APAC,722.6
2022-09-05,APAC,650.02
2022-09-12,APAC,636.99
2022-09-19,APAC,693.17
2022-09-26,APAC,609.86
2022-10-03,APAC,619.37
2022-10-10,APAC,675.32
2022-10-17,APAC,650.18
2022-10-24,APAC,675.06
2022-10-31,APAC,684.41
2022-11-07,APAC,719.47
2022-11-14,APAC,778.63
2022-11-21,APAC,1016.2
2022-11-28,APAC,1069.44
2022-12-05,APAC,953.24
2022-12-12,APAC,1086.71
2022-12-19,APAC,1070.37
2022-12-26,APAC,1076.24
2023-01-02,APAC,869.87
2023-01-09,APAC,922.07
2023-01-16,APAC,1009.17
2023-01-23,APAC,925.43
2023-01-30,APAC,1017.49
2023-02-06,APAC,1013.79
2023-02-13,APAC,1042.5
2023-02-20,APAC,1132.49
2023-02-27,APAC,1123.79
2023-03-06,APAC,1181.47
2023-03-13,APAC,1108.83
2023-03-20,APAC,1085.23
2023-03-27,APAC,1115.37
2023-04-03,APAC,1142.03
2023-04-10,APAC,1135.36
2023-04-17,APAC,1058.58
2023-04-24,APAC,1115.0
2023-05-01,APAC,1110.24
2023-05-08,APAC,1218.94
2023-05-15,APAC,1165.0
2023-05-22,APAC,1000.58
2023-05-29,APAC,1008.61
2023-06-05,APAC,926.66
2023-06-12,APAC,946.24
2023-06-19,APAC,964.35
2023-06-26,APAC,978.86
2023-07-03,APAC,864.23
2023-07-10,APAC,842.49
2023-07-17,APAC,754.93
2023-07-24,APAC,814.92
2023-07-31,APAC,756.51
2023-08-07,APAC,757.56
2023-08-14,APAC,726.25
2023-08-21,APAC,739.92
2023-08-28,APAC,665.89
2023-09-04,APAC,666.87
2023-09-11,APAC,788.28
2023-09-18,APAC,662.91
2023-09-25,APAC,669.17
2023-10-02,APAC,776.22
2023-10-09,APAC,821.47
2023-10-16,APAC,684.43
2023-10-23,APAC,726.39
2023-10-30,APAC,769.04
2023-11-06,APAC,842.16
2023-11-13,APAC,757.53
2023-11-20,APAC,1094.37
2023-11-27,APAC,1178.67
2023-12-04,APAC,1188.17
2023-12-11,APAC,1170.12
2023-12-18,APAC,1214.95
2023-12-25,APAC,1168.02
2024-01-01,APAC,983.67
2024-01-08,APAC,1012.25
2024-01-15,APAC,1067.81
2024-01-22,APAC,1053.94
2024-01-29,APAC,1137.15
2024-02-05,APAC,1193.46
2024-02-12,APAC,1167.64
2024-02-19,APAC,1199.47
2024-02-26,APAC,1199.14
2024-03-04,APAC,1210.07
2024-03-11,APAC,1176.82
2024-03-18,APAC,1247.64
2024-03-25,APAC,1226.01
2024-04-01,APAC,1361.16
2024-04-08,APAC,1325.49
2024-04-15,APAC,1245.48
2024-04-22,APAC,1165.37
2024-04-29,APAC,1131.39
2024-05-06,APAC,1251.79
2024-05-13,APAC,1177.32
2024-05-20,APAC,1167.56
2024-05-27,APAC,1018.82
2024-06-03,APAC,1140.96
2024-06-10,APAC,1087.38
2024-06-17,APAC,977.61
2024-06-24,APAC,982.67
2024-07-01,APAC,990.52
2024-07-08,APAC,951.69
2024-07-15,APAC,908.09
2024-07-22,APAC,890.5
2024-07-29,APAC,859.37
2024-08-05,APAC,854.03
2024-08-12,APAC,888.04
2024-08-19,APAC,705.62
2024-08-26,APAC,785.42
2024-09-02,APAC,790.32
2024-09-09,APAC,786.92
2024-09-16,APAC,756.73
2024-09-23,APAC,702.73
2024-09-30,APAC,786.16
2024-10-07,APAC,847.68
2024-10-14,APAC,730.12
2024-10-21,APAC,839.56
2024-10-28,APAC,808.71
2024-11-04,APAC,840.2
2024-11-11,APAC,820.65
2024-11-18,APAC,1184.16
2024-11-25,APAC,1313.22
2024-12-02,APAC,1300.49
2024-12-09,APAC,1407.96
2024-12-16,APAC,1407.01
2024-12-23,APAC,1392.31
2022-01-03,AMER,1343.95
2022-01-10,AMER,1302.31
2022-01-17,AMER,1365.91
2022-01-24,AMER,1327.47
2022-01-31,AMER,1385.98
2022-02-07,AMER,1363.66
2022-02-14,AMER,1512.98
2022-02-21,AMER,1380.71
2022-02-28,AMER,1547.34
2022-03-07,AMER,1492.79
2022-03-14,AMER,1610.19
2022-03-21,AMER,1588.23
2022-03-28,AMER,1675.83
2022-04-04,AMER,1592.91
2022-04-11,AMER,1412.54
2022-04-18,AMER,1519.82
2022-04-25,AMER,1423.9
2022-05-02,AMER,1457.32
2022-05-09,AMER,1587.35
2022-05-16,AMER,1498.38
2022-05-23,AMER,1375.43
2022-05-30,AMER,1324.93
2022-06-06,AMER,1366.1
2022-06-13,AMER,1249.38
2022-06-20,AMER,1252.02
2022-06-27,AMER,1279.66
2022-07-04,AMER,1295.08
2022-07-11,AMER,1225.32
2022-07-18,AMER,1022.56
2022-07-25,AMER,1139.17
2022-08-01,AMER,1095.29
2022-08-08,AMER,1085.13
2022-08-15,AMER,1121.75
2022-08-22,AMER,911.2
2022-08-29,AMER,968.41
2022-09-05,AMER,1012.93
2022-09-12,AMER,897.11
2022-09-19,AMER,1040.46
2022-09-26,AMER,986.24
2022-10-03,AMER,1013.73
2022-10-10,AMER,953.4
2022-10-17,AMER,1035.37
2022-10-24,AMER,1066.96
2022-10-31,AMER,1047.12
2022-11-07,AMER,1073.72
2022-11-14,AMER,1105.91
2022-11-21,AMER,1451.92
2022-11-28,AMER,1542.65
2022-12-05,AMER,1581.02
2022-12-12,AMER,1665.37
2022-12-19,AMER,1760.02
2022-12-26,AMER,1628.13
2023-01-02,AMER,1356.19
2023-01-09,AMER,1510.8
2023-01-16,AMER,1393.65
2023-01-23,AMER,1425.63
2023-01-30,AMER,1539.32
2023-02-06,AMER,1624.21
2023-02-13,AMER,1590.71
2023-02-20,AMER,1725.12
2023-02-27,AMER,1711.84
2023-03-06,AMER,1731.04
2023-03-13,AMER,1722.64
2023-03-20,AMER,1882.82
2023-03-27,AMER,1674.64
2023-04-03,AMER,1522.98
2023-04-10,AMER,1823.54
2023-04-17,AMER,1640.47
2023-04-24,AMER,1673.94
2023-05-01,AMER,1754.38
2023-05-08,AMER,1493.89
2023-05-15,AMER,1497.61
2023-05-22,AMER,1442.24
2023-05-29,AMER,1474.02
2023-06-05,AMER,1532.69
2023-06-12,AMER,1500.9
2023-06-19,AMER,1443.73
2023-06-26,AMER,1286.98
2023-07-03,AMER,1190.0
2023-07-10,AMER,1310.01
2023-07-17,AMER,1238.67
2023-07-24,AMER,1260.7
2023-07-31,AMER,1240.49
2023-08-07,AMER,1175.31
2023-08-14,AMER,1182.62
2023-08-21,AMER,1127.91
2023-08-28,AMER,1124.1
2023-09-04,AMER,1041.45
2023-09-11,AMER,1059.05
2023-09-18,AMER,1073.23
2023-09-25,AMER,1105.57
2023-10-02,AMER,1045.39
2023-10-09,AMER,1103.96
2023-10-16,AMER,1076.03
2023-10-23,AMER,1103.5
2023-10-30,AMER,1181.24
2023-11-06,AMER,1046.86
2023-11-13,AMER,1117.79
2023-11-20,AMER,1538.77
2023-11-27,AMER,1503.28
2023-12-04,AMER,1685.19
2023-12-11,AMER,1855.85
2023-12-18,AMER,1808.57
2023-12-25,AMER,1899.97
2024-01-01,AMER,1574.61
2024-01-08,AMER,1641.03
2024-01-15,AMER,1577.86
2024-01-22,AMER,1736.1
2024-01-29,AMER,1674.11
2024-02-05,AMER,1632.56
2024-02-12,AMER,1686.3
2024-02-19,AMER,1637.22
2024-02-26,AMER,1714.28
2024-03-04,AMER,1782.61
2024-03-11,AMER,1904.88
2024-03-18,AMER,2000.82
2024-03-25,AMER,1720.29
2024-04-01,AMER,1884.6
2024-04-08,AMER,1747.33
2024-04-15,AMER,1876.37
2024-04-22,AMER,1805.48
2024-04-29,AMER,1632.53
2024-05-06,AMER,1854.4
2024-05-13,AMER,1690.35
2024-05-20,AMER,1664.63
2024-05-27,AMER,1584.72
2024-06-03,AMER,1582.08
2024-06-10,AMER,1628.95
2024-06-17,AMER,1537.93
2024-06-24,AMER,1534.41
2024-07-01,AMER,1492.97
2024-07-08,AMER,1517.81
2024-07-15,AMER,1358.64
2024-07-22,AMER,1243.55
2024-07-29,AMER,1375.17
2024-08-05,AMER,1250.28
2024-08-12,AMER,1309.92
2024-08-19,AMER,1237.53
2024-08-26,AMER,1184.43
2024-09-02,AMER,1195.61
2024-09-09,AMER,1276.63
2024-09-16,AMER,1276.72
2024-09-23,AMER,1159.61
2024-09-30,AMER,1169.51
2024-10-07,AMER,1233.41
2024-10-14,AMER,1135.99
2024-10-21,AMER,1227.3
2024-10-28,AMER,1231.72
2024-11-04,AMER,1284.02
2024-11-11,AMER,1245.24
2024-11-18,AMER,1662.88
2024-11-25,AMER,1657.89
2024-12-02,AMER,1789.62
2024-12-09,AMER,1899.02
2024-12-16,AMER,1963.96
2024-12-23,AMER,2241.55
